Fiscal_Year,Amergis/Maxim,Other SPED Vendors,ProCare Therapy,Soliant Health,Total,Equivalent_FTEs
2020-21,364981.09,326274.62,43965.0,0.0,735220.71,7
2021-22,5300721.45,758106.98,638111.08,104874.5,6801814.01,67
2022-23,14439314.42,2026903.42,398702.4,75048.0,16939968.24,167
2023-24,13464170.36,1059730.58,1097319.3,503603.31,16124823.55,159
2024-25,27951448.049999997,1963093.24,4050864.82,1502581.23,35467987.33999999,350
2025-26,5734368.38,269438.48,612504.2,286807.4,6903118.46,68
