year,total_sped_contractor
2020-21,364981.0899999999
2021-22,5405595.949999999
2022-23,14776162.419999998
2023-24,13974148.669999992
2024-25,29454029.279999994
2025-26,6021175.779999999
